post_id,username,caption,comment,timestamp
116799476248693765,devonellington.wordpress.com,"Tuesday, June 23, 2026: Calibration
image courtesy of Lars Plöger from Pixabay Tuesday, June 23, 2026Waxing MoonPluto RetrogradeRainy and mildAnd here we are, at a new week. You can read the Community Tarot for the Week here.Friday, Willa supervised the folding and putting away of laundry. Bea decided to be in my office instead of hanging out in the living room where she usually does.The clips from the opening of the Obama Presidential Center the previous day (Thursday) were filled with love and grace and joy. Just what we need in these times of grift and cruelty.For me, the best way I could celebrate Juneteenth was to support Black artists and writers and to stay quiet myself. I don’t have to yap all the time.I worked on the 3rd episode of the radio serial. I still have 7 minutes of airtime to fill. Time to figure out a subplot. I may rough out a few more episodes and then weave in a multi-episode arc.Cooked dinner, had a quiet evening, slept reasonably well.Charlotte was fussing, so I was up far too early on Saturday. Morning routine was fine, got started on the housework. Just before 10, I took a break to tromp up the street to the library to pick up the books that got separated from my stack and didn’t make it home with me on Thursday. It looked like it would rain, so I took my umbrella with me to guarantee that it wouldn’t.Didn’t feel like doing much. Once the day’s housework was done, I read. I finished a novel by an author who I don’t find to be a particularly strong writer, but I’m trying to figure out why I keep reading the books. The first was marketed as a mystery, but really wasn’t. The subsequent ones have been what I call “amiable fiction.” The stakes aren’t particularly high, the characters are a little too predictable, the story ambles, it’s reasonably pleasant in spite of the gaping plot holes. So why have I read 7 books in the series? Because the characters show up for each other in ways that rarely happens in life. I do think I’m done with the books, now that I understand what kept me reading them. The ensemble is spreading out a little too much for solid storytelling for me. But now I understand the appeal of the books, so it was a good creative exercise.I read yet another one of the books in this latest trend of tip-the-hat-to-Agatha-Christie-group-stuck-on-an-island-suspense-and-horror-adjacent. I figured it out from the first time the murderer appeared (which was very early in the book and supposed to be a big reveal/twist), and it was no surprise that characters kept getting murdered, since they were too dense to figure it out. There were also points where it moved from close third to third omniscient near the end, talking at the reader to give information that didn’t work in the tone of the rest of it and could have been communicated a chapter or two later in active scenes. It made me tired more than anything else. But it’s a premise that inspires plenty of writers to put their own spin on it, which is at least fun for them to write, and when it’s a little out of their usual realm, fun for their readers who don’t read all the rest of this type of book that comes down the pike. I keep hoping to be genuinely surprised by one of them, because I do like the premise (which is why I keep reading books with the premise), but so far I have gotten too far ahead of the characters in the books built around that I’ve read to be satisfied. I keep hoping, though!Paged through a book about women writers and their homes that I assumed was from the 80’s because of the dearth of information in it and the writers that were skipped, and then found out it was from 2023!Made a chocolate mousse in the afternoon, and heated up leftovers for dinner.Up early on Sunday to watch the sun come up for Summer Solstice. Morning routine was fine, played with some ideas in the morning free-write, more to amuse myself than because I think it will be anything submittable.I felt very fatigued, which was silly, because Saturday was a restful day.However, I did the Community Tarot Reading for the Week, which you can read here. I used up the kale and the spinach making pesto out of each of them. We’re getting yet more spinach this week in the CSA box, I think, so I wanted to use up what we had. I used both kinds of kale in the kale pesto. I froze the spinach pesto to use in the future, and put the kale pesto in the fridge to go with that evening’s dinner. I also made vegetable stock – turns out it made just the amount I need for tonight’s crockpot dinner.I read a bit. There was a downpour as I began cooking dinner, which worried me as far as my friends doing the big outdoor Solstice ritual in Williamstown. But it cleared up after about a half hour or so to be a lovely night, so I hope it went well for them.Honored the Solstice at the start and end of the day. Slept well.Up early on Monday. Because of the bad weather predicted, I decided to take my mom for her Xray on Wednesday morning instead. Trying to navigate up the hill and in and out of the facility and the house and the parking lot in bad weather is too much. The storm is supposed to clear out at some point today, so it should be fine to go tomorrow. And it’s a walk-in appointment, so we can go whenever. The referral’s already been put in.A listing for a corporate scriptwriting job landed in my inbox. At first, it looked interesting. Until the bit about it being 40 hours a week on a 1099. So, in other words, a non-benefitted full-time employee. Nope.I finished the reading/notes for the scripts for tomorrow’s literary committee meeting and sent them off.I then did another pass on I WILL BE DIFFERENT, which has been sitting and marinating for a few weeks. I made some tweaks. I have to make my decision pretty soon about splitting it or making massive cuts to it, because each choice will send rewrites in a slightly different direction. I need to have a submittable draft of at least the first play (if that’s the direction in which I go) by the end of August for a deadline, or I miss that request to submit. I’d hate to do that, because it was an individual invitation.I tried to get some work done on BETTING MAN, but I wrote myself into a corner. Last time I fly in something like this without a tight outline. I’ve really gotten myself into a muddle. I need to sit down with the manuscript pages I have, re-read them, and then write up the rest of the outline. I know points I want to hit between now and the end, but I don’t have a truly viable way to get there. The notes I’ve made along the way are islands along the path, but now I need a bridge.My own damn fault, but that doesn’t make it easier.You can bet STAGE FALL will have a solid outline. I’ve already decided I’m starting it at a different point than the draft I began way back when it was envisioned as the second book in the series (it’s now the 5th).I finished the book for review, and will get that review out this morning.Slept reasonably well, although I have sense memory fatigue, I think, because there’s no reason for me to feel the level of fatigue I’m currently feeling.Up early today, morning routine was fine, although the 30-minute meditation felt like 10 minutes. In the morning free-write I did a rough outline of the next episode of the radio series, and I’ll get started on that today.After breakfast and the morning chores, I put together a turkey chili in the crockpot. I picked things I liked from two different recipes and did some of my own tweaks. So we will see how that turns out. Pretty soon the house will smell amazing all day!It’s rainy again today, although it’s supposed to clear up overnight. I don’t think I’ll make it to yoga today, unfortunately.Tomorrow morning, we have to be out the door early to take my mom up the hill for her Xray, so I don’t know if I’ll post before we go or when we get back.Today is the 5th anniversary of our actual move here, where we left early in the morning, arrived here with the cats, and then the movers arrived a few hours later with our stuff (they’d packed the truck the day before). I’m glad we landed here.That’s probably where the fatigue comes in, the sense memory of it. Overall, the sense memory stress has been better this year. I’ve been able to catch it early in most cases, and redirect, using tools I’ve acquired in the past few years. The body remembers, and it’s about teaching the body and the brain that the memory is past and not present, and feeling calm and safe in the moment, in spite of all the chaos out there in the world. I’ve made progress, and just have to take it one step at a time.I hope your week had a good start! It’s supposed to warm up over the next few days, but I hope it doesn’t get too hot. Have a good one, and I’m headed back to the page.
#books #cooking #freelance #life #mentalHealth #NinaBellMysteries #radio #reading #scriptwriting #theatre #writing",,2026-06-23T18:53:41.327060
116799455864068873,sonder,"My doctor’s office left me a voicemail about scheduling an appointment for some medication changes. Considering I recently asked my counselor (who works w/ my doc,) to talk to a psychiatrist for me I can guess what this is about. This is your sign to get help if you need it. We need you here. 🩵🫶 #Ramblings #it’s-okay-not-to-be-okay #mental-health #anxiety-disorder #depression #doctor-visit #you-are-loved #you-are-important",,2026-06-23T18:53:42.060689
116799311177664699,digitalcortex,"Research links chronic masking to elevated anxiety, depression, and suicidality.It's not a coping strategy.It's a slow drain with a hidden price tag.#Masking #Neurodivergent #MentalHealth #ADHD",,2026-06-23T18:53:42.693928
116799308677087491,BabyYumYum,"High-functioning stress is often hidden behind the phrase 'I’m fine'👀.Many men keep pushing through exhaustion, pressure and emotional burnout without realising how much it’s affecting them. These subtle warning signs are easier to miss than you think. Read more here 🔗: https://zurl.co/SjiOb #BabyYumYum #BYY #MentalHealth #Stress #MensHealth #Wellness",,2026-06-23T18:53:43.332559
116799308641381481,InnerSelfcom,"Hiding who you are isn't just uncomfortable. It's exhausting in ways people don't talk about. Your nervous system knows the difference between being yourself and performing yourself. Research now shows that constant self-editing shapes depression, mood, and identity over time. The cost is real. https://innerself.com/articles/personal/attitudes-transformed/behavior/32915-the-hidden-weight-of-hiding-who-you-are.html #InnerSelf #MentalHealth",,2026-06-23T18:53:44.292712
116799308249582543,ymhc,You can be happy and grateful and still struggle with mental health issues at the same time.#motivation #mentalwellbeing #mentalhealth #mentalwellness #hope #ymhc #gratitude #gratitudeattitude #gratitudepractice #grateful,,2026-06-23T18:53:44.933055
116799268950953256,happinessbot,How happy do you feel RIGHT NOW? (I ask this question every day to gauge how happy the Fediverse is.) #happiness #poll #mentalhealth,,2026-06-23T18:53:45.389029
116799142107648821,aihpreson.wordpress.com,"दिव्यांग बच्चों के माता-पिता के लिए संपूर्ण गाइड – अधिकार, सुविधाएँ और मानसिक तैयारी (2026)

नमस्ते प्यारे अभिभावकों, 🙏

जब किसी परिवार में कोई दिव्यांग बच्चा जन्म लेता है, तो माता-पिता के सामने ढेरों सवाल खड़े हो जाते हैं – “बच्चे का भविष्य क्या होगा? उसे स्कूल कहाँ मिलेगा? हमें किन […]

https://aihpreson.wordpress.com/2026/06/23/parents-guide-disabled-children-rights-facilities-2026/",,2026-06-23T18:53:45.899304
116798886726602933,TG_Esq,"Public health officials discovering heavy metal - in Birmingham, of course. 🦇""Listening to really angry music made me feel less angry.""""A discussion between advocates of the metal community and the city's public health officials will hear the current global research on the positive links between heavy metal music and mental health.""https://bbc.in/4eVssj8#HeavyMetalTherapy #HMT #MentalHealth",@TG_Esq@metalhead.club metal wellbeing 🥲,2026-06-23T18:53:46.667742
116798666579677016,barcampliste,"Neu auf der Barcamp-Liste: Barcamp Seelische Gesundheit stärken am 2. Mai 2025 in #Köln 💚Für Betroffene, Angehörige, Fachkräfte, HR-Verantwortliche & alle Interessierten. Gemeinsam Lösungen entwickeln, Wissen vernetzen und neue Wege finden – mit Betroffenen, nicht nur über sie.Mehr Infos: https://www.eventbrite.de/e/barcamp-seelische-gesundheit-starken-tickets-1988548001603#Barcamp #MentalHealth #Köln",,2026-06-23T18:53:47.347117
116798460747633098,lovewithsex.me,"60-Second Sleep Routine: Fall Asleep Fast and Naturally
Unlock a Multitude of Health Benefits: From Deeper Sleep to Reduced Stress. This Essential Mineral Might Be Missing from Your Life (Click to Learn More)!Listen on SpotifyStruggling to fall asleep? Discover how to sleep instantly using this 60-second routine backed by science. Learn proven sleep hacks, natural sleep remedies, and deep sleep techniques to fall asleep fast, reduce muscle cramps, manage stress and anxiety, and wake up refreshed. Perfect for anyone seeking better sleep, insomnia help, and a healthy lifestyle—start sleeping better tonight.Why Your Bedtime Routine Might Be Sabotaging Your SleepI remember sitting across from my friend Marcus at a coffee shop last winter. He looked exhausted. Dark circles under his eyes. Slumped shoulders. He told me he hadn’t slept through the night in three months.“I lie there for hours,” he said, stirring his cold coffee. “My mind races. My legs twitch. I wake up every two hours. I’m starting to think this is just how life is now.”I looked at him and said, “Marcus, that’s not living. That’s surviving.”Here’s the shocking truth: Marcus isn’t alone. Not even close.A groundbreaking 2025 systematic review published in Sleep Medicine Reviews revealed that over 852 million adults worldwide suffer from insomnia—that’s 16.2% of the global population. Even more staggering? About 415 million people battle severe insomnia that cripples their daily lives. And women? They get hit twice as hard as men across every age group.But here’s what blew my mind: researchers at UC Berkeley found that a single sleepless night can spike your anxiety levels by up to 30%. The study, led by Dr. Matthew Walker and published in Nature Human Behaviour, showed that deep sleep literally rewires the anxious brain. Without it, your emotional “accelerator” stays floored while your “brake” system shuts down.If you’re reading this, you probably know that restless, frustrating feeling. You want to improve your overall health and wellness. You crave deep sleep. You need to manage stress and anxiety more effectively. You want to reduce muscle cramps and enhance recovery. You dream of maintaining a balanced and healthy lifestyle.Good news: you’re in exactly the right place.In this blog post, I’ll show you a 60-second sleep routine that can help you fall asleep fast—naturally. You’ll discover science-backed sleep tips, relaxation exercises, and bedtime habits that actually work. No pills. No gimmicks. Just real solutions for real people.Here’s what we’ll cover:The hidden reasons you can’t sleep (and why most “solutions” fail)The science behind why your body fights sleepThe exact 60-second routine that triggers your relaxation responseHow to build a nighttime routine that guarantees restful sleepReal stories from people who transformed their sleep (and their lives)Expert-backed answers to your most pressing sleep questionsReady to sleep better tonight? Let’s read on.The Hidden Sleep Crisis Nobody Talks AboutLet me paint you a picture.It’s 11:47 PM. You’ve been in bed for an hour. Your partner is softly snoring beside you. The room is dark. Your body is tired. But your brain? It’s running a marathon.You replay that awkward conversation from work. You worry about tomorrow’s meeting. You feel a dull ache in your calves. Your shoulders won’t relax. You check the clock. 12:15 AM. Then 12:43 AM. Then 1:22 AM.Sound familiar?This isn’t just “bad luck.” This is a sleep crisis hiding in plain sight.Recent data shows that 60% of adults don’t get enough sleep. About 50 to 70 million adults in the U.S. alone have a diagnosed sleep disorder. And here’s the kicker: 89% of people wake up at least once every single night.But the real problem goes deeper than numbers.Why Most Sleep “Solutions” Completely Miss the MarkYou’ve probably tried the usual advice:Count sheep (spoiler: it doesn’t work)Drink warm milk (helpful, but not enough)Take over-the-counter sleep aids (groggy mornings, anyone?)Buy a weighted blanket (nice, but not a cure)Here’s why these fall short: they treat symptoms, not causes.Your body isn’t struggling because it lacks sheep to count. It’s struggling because your nervous system is stuck in “fight or flight” mode. Your muscles are tense. Your mind is racing. Your cortisol levels are elevated. And until you address the root cause—your body’s inability to shift into relaxation—you’ll keep spinning your wheels.A 2024 study from West China Hospital, Sichuan University, tracked nearly 17,000 participants and discovered something critical: sleep disturbance is a stronger predictor of anxiety than anxiety is of sleep disturbance. In other words, fixing your sleep breaks the vicious cycle.What does this mean for you? It means that learning how to sleep instantly isn’t a luxury. It’s a necessity. And the 60-second routine I’m about to share addresses the root cause—not just the symptoms.The Real Reasons You Toss and Turn at NightBefore we get to the solution, let’s talk about the problem. Because understanding why you can’t sleep is half the battle.Your Nervous System Is Stuck in OverdriveThink of your nervous system like a car with two gears:“Fight or Flight” (Sympathetic): Your stress gear. Heart races. Muscles tense. Mind alert. Perfect for escaping a bear. Terrible for sleeping.“Rest and Digest” (Parasympathetic): Your relaxation gear. Heart slows. Muscles release. Mind quiets. This is where sleep lives.Most of us spend our entire day—and night—in gear one. Deadlines. Traffic. Notifications. News. Our bodies never get the signal that it’s safe to relax.A 2024 study on Chinese college students, published in BMC Psychiatry, found that stress doesn’t just predict poor sleep quality—it creates a chain reaction. Stress triggers rumination (those endless thought loops), which fuels social anxiety, which further destroys sleep quality. The researchers concluded that breaking this chain requires targeting the root stress response.Magnesium Deficiency: The Silent Sleep KillerHere’s a fact that stopped me in my tracks: magnesium plays a direct role in regulating your sleep hormone melatonin and your stress hormone cortisol.A 2025 cross-sectional study from Imam Abdulrahman Bin Faisal University in Saudi Arabia examined university students and found that lower dietary magnesium intake directly correlates with reduced sleep duration, poor sleep quality, and increased daytime dysfunction. Students who consumed less magnesium took longer to fall asleep, woke more often, and felt worse during the day.And it’s not just students. A landmark 2024 randomized controlled trial—the largest of its kind—tested magnesium bisglycinate supplementation in adults with poor sleep. The results? Significant improvements in sleep quality, with measurable increases in melatonin and decreases in cortisol.Translation: when your body lacks magnesium, your sleep machinery breaks down.Muscle Cramps and Physical TensionEver wake up with a charley horse? Or feel your calves and shoulders locked in knots as you try to drift off?Muscle cramps aren’t random. They’re often your body screaming for minerals—especially magnesium and potassium. When your muscles can’t relax, your brain gets the message that something is wrong. Your nervous system stays alert. Sleep becomes impossible.The Anxiety-Sleep TrapThis one hurts because it’s so common.You feel anxious. So, you can’t sleep. Then you can’t sleep. So, you feel more anxious. Then you worry about not sleeping. Which makes you even more anxious. Which makes you sleep even less.Dr. Matthew Walker, the UC Berkeley neuroscientist I mentioned earlier, calls sleep “the best bridge between despair and hope.” His research team proved that deep NREM (non-rapid eye movement) sleep acts as a natural anxiolytic—literally rewiring anxious brain circuits overnight.Without it? Your brain’s emotional control center (the medial prefrontal cortex) shuts down, while your fear centers go into overdrive.Have you noticed this pattern in your own life? Does anxiety spike after a bad night’s sleep? Drop a comment below and tell me about your experience. I’d love to hear from you.The Science Behind the 60-Second Sleep RoutineOkay, enough about the problem. Let’s talk about the solution.The 60-second routine I’m about to teach you isn’t magic. It’s physiology. It works by activating your parasympathetic nervous system—the “rest and digest” mode—while simultaneously signaling your muscles to release tension and your mind to quiet down.Here’s the science that makes it work:#1- Controlled Breathing Lowers CortisolWhen you slow your breathing to about 4-6 breaths per minute, something remarkable happens. Your vagus nerve—the master controller of your relaxation response—sends a signal to your brain that says, “We’re safe. We can relax.”Research consistently shows that slow, diaphragmatic breathing reduces cortisol levels within minutes. It also increases heart rate variability (HRV), which is one of the strongest predictors of both sleep quality and overall health.#2- Progressive Muscle Release Flips the SwitchYour brain monitors your body for tension. When muscles stay tight, your nervous system assumes danger. By systematically releasing muscle groups—from your toes to your forehead—you send a powerful “all clear” signal to your brain.This is why magnesium matters so much. Magnesium acts as a natural calcium channel blocker in muscle cells, helping them relax. Without adequate magnesium, your muscles stay contracted. With it? They melt.#3- Visualization Quiets the Default Mode NetworkThat “monkey mind” that races at night? Neuroscientists call it the Default Mode Network (DMN). It’s active when you’re not focused on a task—like when you’re lying in bed trying to sleep.Guided visualization gives your DMN something constructive to do. Instead of replaying embarrassing moments or worrying about tomorrow, you direct your brain toward calming imagery. This breaks the rumination cycle that fuels insomnia.#4- Temperature Regulation Triggers SleepinessYour body temperature naturally drops as you prepare for sleep. The routine includes a simple temperature hack that accelerates this process, signaling your brain to release melatonin.The Exact 60-Second Sleep Routine: Step by StepNow for the main event. This is the routine I taught Marcus. The routine that changed his life. The routine that can change yours.Important: Do this while lying in bed, lights off, ready to sleep.Step 1: The 4-7-8 Breath (15 seconds)Place the tip of your tongue behind your upper front teethExhale completely through your mouth, making a whoosh soundClose your mouth and inhale quietly through your nose for 4 countsHold your breath for 7 countsExhale completely through your mouth for 8 countsRepeat this cycle twice.Why it works: This breathing pattern, popularized by Dr. Andrew Weil, increases oxygen to your tissues, slows your heart rate, and activates your parasympathetic nervous system. Many people report feeling drowsy after just one cycle.Step 2: The Toe-to-Head Release (20 seconds)Starting with your toes, mentally scan your body. As you reach each muscle group, tense it for 2 seconds, then release completely.Toes → Feet → Calves → Thighs → Hips → Stomach → Chest → Hands → Arms → Shoulders → Neck → Jaw → ForeheadDon’t rush. Feel each muscle melt into the mattress.Why it works: This progressive muscle relaxation technique, developed by Dr. Edmund Jacobson in the 1920s, has decades of research supporting its effectiveness for insomnia. It breaks the physical tension that keeps your nervous system alert.Step 3: The Warm Hand Visualization (15 seconds)Imagine your hands growing warm and heavy. Picture warm sand filling your palms. Feel the weight. Feel the heat.Why it works: This simple visualization redirects your brain from anxious thoughts to a single, calming sensation. Studies on biofeedback show that imagining warmth in your hands actually increases peripheral blood flow, which helps lower your core body temperature—a key trigger for sleep onset.Step 4: The Gratitude Anchor (10 seconds)Think of one thing you’re genuinely grateful for. Not a big thing. Something small. The smell of coffee this morning. A text from a friend. The softness of your pillow.Hold that feeling for 10 seconds.Why it works: Gratitude shifts brain activity away from the amygdala (your fear center) and toward the prefrontal cortex (your rational, calm center). Research from the University of Manchester found that gratitude practices significantly improve sleep quality and reduce the time it takes to fall asleep.That’s it. Sixty seconds. Four steps.Most people feel noticeably calmer after the first round. Many fall asleep before completing the third step. If you’re still awake after one round, simply repeat. Each cycle deepens the relaxation response.Have you tried breathing exercises before? What worked and what didn’t? Share your experience in the comments—I read every single one.Watch this video: Can’t Sleep at Night? Sleep Instantly Using This 60-Second Routinehttps://youtu.be/_IAz-abz0qEReal Stories: How This Routine Changed LivesNothing beats real-world proof. Here are stories from people just like you who transformed their sleep—and their lives.Sarah, 34, Marketing Director: “I Thought I Was Broken”“I’d tried everything. Prescription sleep meds left me groggy. Melatonin stopped working after two weeks. White noise machines, blackout curtains, expensive mattresses—nothing helped. I was averaging four hours of broken sleep per night.Then a friend sent me this routine. I was skeptical. ‘Sixty seconds? Yeah, right.’But I tried it. Night one, I fell asleep in about eight minutes. Night three, under five. By week two, I was sleeping through the night for the first time in years.The biggest surprise? My muscle cramps disappeared. I used to wake up with charley horses three times a week. Now? Maybe once a month. My stress levels dropped. My productivity soared. I feel like I got my life back.”James, 47, Construction Foreman: “My Recovery Changed Everything”“My job is physical. Twelve-hour shifts. Heavy lifting. By the time I got home, my body was wrecked. I’d eat dinner, crash on the couch, then lie in bed for hours with restless legs and sore muscles.I started the routine after my wife found this blog. The first thing I noticed? My calves stopped twitching. Then my shoulders unknotted. Within two weeks, I was falling asleep before my wife—and that’s saying something because she’s always been a fast sleeper.Now I wake up actually recovered. My back doesn’t ache. My energy lasts through the day. I even started working out again because my body finally has the resources to repair itself.”Aisha, 29, Graduate Student: “Anxiety Was Eating Me Alive”“Grad school anxiety is no joke. I’d lie in bed replaying every interaction, every deadline, every possible failure scenario. My heart would race. My chest would tighten. Sleep felt impossible.The breathing part of this routine changed everything for me. The 4-7-8 pattern gives my brain something concrete to focus on. It interrupts the anxiety spiral. The visualization step—imagining warmth in my hands—grounds me in my body instead of my worries.I went from 2-3 hours of sleep per night to 6-7 hours consistently. My anxiety didn’t disappear, but it became manageable. I can think clearly again. I’m not surviving anymore—I’m living.”David, 62, Retired Teacher: “Age Doesn’t Have to Mean Bad Sleep”“Everyone told me, ‘You’re getting older. Of course you don’t sleep well.’ I accepted it for years. Waking up at 3 AM. Lying there until dawn. Napping in the afternoon. Feeling foggy all day.My daughter shared this routine with me. I was doubtful—what could sixty seconds do that decades of experience hadn’t figured out?Turns out, plenty. The muscle release step was a game-changer. I hold tension in my shoulders and jaw without even realizing it. Consciously releasing those muscles sends a signal to my whole body that it’s okay to rest.Now I sleep six solid hours most nights. I wake up clear-headed. My wife says I’m more patient. I even started volunteering again because I have the energy. Don’t let anyone tell you that poor sleep is just part of aging.”Priya, 41, Nurse and Mother of Three: “I Forgot What Rested Felt Like”“Night shifts. Three kids. A household to run. I hadn’t had a full night’s sleep in eight years. I was running on adrenaline and coffee. My health was deteriorating. My mood was terrible. I snapped at my kids over nothing.A colleague recommended this routine. I started doing it during my night-shift naps and before bed on days off. The difference was immediate. I fall asleep faster. I sleep deeper. I wake up actually feeling rested—even on five hours.My muscle cramps from being on my feet all night? Gone. My stress levels? Way down. I’m a better nurse, a better mom, and a better person because I’m finally getting the sleep my body needs.”Carlos, 38, Software Engineer: “Tech Neck and Tension Headaches Disappeared”“Twelve hours a day at a desk. Constant screen time. My neck and shoulders were perpetually locked. Tension headaches three times a week. And when I tried to sleep? My body felt like a coiled spring.The progressive muscle release in this routine specifically targets the tension I didn’t even know I was holding. My jaw, my shoulders, my forehead—those tiny muscles stay clenched all day from stress and screen time.After three weeks of consistent practice, my tension headaches dropped to once a month. I fall asleep in under ten minutes. My sleep quality scores on my fitness tracker went from the 30s to the 80s. I’m sharper at work. I’m calmer at home. This routine literally gave me my evenings back.”Building Your Complete Nighttime RoutineThe 60-second routine is your foundation. But to truly optimize your sleep, you need to support it with smart bedtime habits.The 30-Minute Wind-DownYour brain needs transition time. Create a pre-sleep ritual that signals “sleep is coming.”Try this sequence:30 minutes before bed: Dim the lights. Put away screens. Blue light suppresses melatonin production by up to 50%.20 minutes before bed: Take a warm shower or bath. The subsequent drop in body temperature triggers sleepiness.10 minutes before bed: Do light stretching or gentle yoga. Focus on hip openers and forward folds—poses that activate the parasympathetic nervous system.Bedtime: Execute your 60-second routine.Optimize Your Sleep EnvironmentTemperature: Keep your bedroom between 60-67°F (15-19°C). Cooler rooms promote deeper sleep.Darkness: Use blackout curtains or a sleep mask. Even small amounts of light disrupt melatonin.Sound: Consider white noise or nature sounds if you live in a noisy area.Mattress and pillows: These matter more than you think. Your spine should maintain natural alignment.Magnesium-Rich Foods for Better SleepRemember the research on magnesium and sleep?Boost your intake naturally with these foods:Pumpkin seeds (156mg per ounce)Almonds (80mg per ounce)Spinach (78mg per half cup, cooked)Black beans (60mg per half cup)Dark chocolate (64mg per ounce)Avocado (58mg per whole fruit)Salmon (53mg per 3 ounces)Pro tip: If you’re struggling with muscle cramps or severe insomnia, talk to your doctor about magnesium supplementation—specifically magnesium glycinate or bisglycinate, which have the best absorption and sleep-specific benefits.Cut the Sleep SaboteursCaffeine: Stop consuming it after 2 PM. It has a half-life of 5-6 hours.Alcohol: It might make you drowsy, but it destroys your deep sleep cycles.Heavy meals: Eat dinner at least 3 hours before bed.Late workouts: Intense exercise within 2 hours of bedtime can elevate cortisol.What’s your current bedtime routine? Does it help or hurt your sleep? Let me know in the comments—let’s troubleshoot together.Expert Insights: What the Research Really SaysLet’s ground everything in science. Here are insights from leading researchers and recent studies:Dr. Matthew Walker, UC Berkeley“Deep sleep seems to be a natural anxiolytic, so long as we get it each and every night. Without sleep, it’s almost as if the brain is too heavy on the emotional accelerator pedal, without enough brake.”His team’s 2019 study in Nature Human Behaviour remains one of the most cited pieces of research linking sleep quality to anxiety reduction. The implications are clear: prioritize deep sleep, and anxiety naturally diminishes.The 2025 Global Insomnia StudyResearchers Benjafield et al. conducted the most comprehensive insomnia prevalence study to date, analyzing data from 262,582 participants across 18 high-quality studies. Their conclusion? Insomnia isn’t a niche problem—it’s a global epidemic requiring immediate public health intervention.Magnesium and Sleep: The 2024 BreakthroughA 2024 randomized controlled trial on magnesium bisglycinate—published in PMC and described as the largest placebo-controlled trial on magnesium and sleep to date—confirmed what many suspected: magnesium supplementation significantly improves sleep outcomes by modulating melatonin and cortisol.Stress, Rumination, and SleepThe 2024 Chinese college student study in BMC Psychiatry mapped the exact pathway: stress → rumination → social anxiety → poor sleep. Breaking any link in this chain improves outcomes. The 60-second routine specifically targets the rumination step through focused breathing and visualization.The Bidirectional Sleep-Anxiety LinkThe West China Hospital study of nearly 17,000 participants proved that sleep disturbance predicts anxiety more strongly than anxiety predicts sleep disturbance. This means fixing your sleep is one of the most powerful anxiety interventions available.Frequently Asked Questions About Falling Asleep Fast#1- Can a 60-second routine really help me fall asleep instantly?Yes—if you do it correctly and consistently. The routine works by activating your parasympathetic nervous system, lowering cortisol, and releasing physical tension. Most people feel noticeably calmer after one round, and many fall asleep within minutes. It’s not magic; it’s physiology.#2- I have chronic insomnia. Will this work for me?The routine helps most people, including those with chronic insomnia. However, if you’ve struggled with sleep for months or years, consider combining it with Cognitive Behavioral Therapy for Insomnia (CBT-I), which has the strongest evidence base for chronic cases. Always consult a sleep specialist for persistent issues.#3- Why do I get muscle cramps at night, and how does this routine help?Nighttime muscle cramps often stem from magnesium deficiency, dehydration, or muscle fatigue. The progressive muscle release in the routine directly addresses tension. Additionally, ensuring adequate magnesium intake—through diet or supplementation—can significantly reduce cramp frequency.#4- How does stress affect my sleep quality?Stress elevates cortisol and activates your sympathetic nervous system. A 2024 study found that stress creates a chain reaction: stress triggers rumination, which fuels anxiety, which destroys sleep. The breathing and visualization components of the 60-second routine specifically interrupt this cycle.#5- Should I take magnesium supplements for better sleep?Research strongly supports magnesium’s role in sleep quality. A 2025 study from Saudi Arabia found that lower dietary magnesium directly correlates with poor sleep. If your diet lacks magnesium-rich foods, consider magnesium glycinate or bisglycinate supplements—but consult your doctor first.#6- What’s the best bedtime routine for deep sleep?Combine the 60-second routine with: a 30-minute screen-free wind-down, a cool dark bedroom (60-67°F), no caffeine after 2 PM, magnesium-rich foods at dinner, and consistent sleep/wake times. Consistency matters more than perfection.#7- Can this routine help with anxiety relief for sleep?Absolutely. The 4-7-8 breathing pattern is clinically proven to reduce anxiety. The visualization step redirects your brain from anxious thoughts. And the gratitude anchor shifts brain activity away from your fear center. Dr. Walker’s research confirms that deep sleep itself is a natural anxiety inhibitor.#8- How long before I see results from this sleep routine?Most people notice immediate calming effects. Sleep improvements typically emerge within 3-7 days of consistent practice. Muscle cramp reduction may take 2-4 weeks, especially if you’re addressing magnesium deficiency simultaneously.Your Complete Sleep Better Tonight Action PlanLet’s pull everything together into a simple, actionable plan you can start tonight.Tonight:Set a bedtime alarm for 30 minutes before you want to sleepDim the lights and put away screensDo the 60-second routine when you get in bedIf you’re still awake after 10 minutes, repeat the routineThis Week:Add magnesium-rich foods to your dietStop caffeine after 2 PMKeep a sleep journal tracking your routine and resultsShare your experience in the comments belowThis Month:Evaluate your sleep environment (temperature, light, sound)Consider magnesium supplementation if diet alone isn’t enoughNotice how your stress and anxiety levels changeCelebrate the wins—better sleep transforms everythingThe Bottom Line: Sleep Is Your SuperpowerLet’s recap what we’ve covered:852 million adults worldwide struggle with insomnia—but you don’t have to be one of themA single sleepless night can spike anxiety by 30%—but deep sleep rewires your anxious brainMagnesium deficiency directly correlates with poor sleep—but it’s easily addressedThe 60-second routine works—because it’s rooted in real physiology, not gimmicksReal people have transformed their lives—and so can youSleep isn’t a luxury. It’s the foundation of your health, your mood, your recovery, your productivity, and your happiness. When you sleep well, you live well. When you don’t, everything suffers.The good news? You now have a tool that takes sixty seconds and costs nothing. A tool backed by science, validated by real people, and designed for your busy life.So, here’s my challenge to you: Try the 60-second routine tonight. Not tomorrow. Tonight. Then come back and tell me how it went. Did you fall asleep faster? Did your muscles feel more relaxed? Did your mind finally quiet down?I want to hear your story. I want to celebrate your wins. And if you struggled, I want to help you troubleshoot.Drop a comment below with your experience. And if you found this helpful, share it with someone you love who needs better sleep. Post it on Facebook. Text it to a friend. Pin it on Pinterest. Let’s spread the word that great sleep is possible—for everyone.Sweet dreams start with one decision. Make yours tonight.Disclaimer: This blog post is for informational purposes only and does not constitute medical advice. If you have persistent sleep problems, chronic insomnia, or underlying health conditions, please consult a qualified healthcare provider. Individual results may vary.References:Benjafield, A.V., et al. (2025). Estimation of the global prevalence and burden of insomnia: a systematic literature review-based analysis. Sleep Medicine Reviews. https://pubmed.ncbi.nlm.nih.gov/40627924/Benjafield, A.V., et al. (2025). Estimation of the global prevalence and burden of insomnia. Sleep Medicine Reviews. https://www.sciencedirect.com/science/article/pii/S1087079225000747Magnesium Bisglycinate Supplementation in Healthy Adults Reporting Poor Sleep: A Randomized, Placebo-Controlled Trial. (2024). PMC. https://pmc.ncbi.nlm.nih.gov/articles/PMC12412596/Association Between Dietary Magnesium Intake and Sleep Quality in Saudi University Students. (2025). Nature and Science of Sleep, Dove Medical Press. https://www.dovepress.com/association-between-dietary-magnesium-intake-and-sleep-quality-in-saud-peer-reviewed-fulltext-article-NSSEffects of stress on sleep quality: multiple mediating effects of rumination and social anxiety. (2024). BMC Psychiatry. https://pmc.ncbi.nlm.nih.gov/articles/PMC10948653/Ben Simon, E., et al. (2019). Overanxious and underslept. Nature Human Behaviour. UC Berkeley. https://news.berkeley.edu/2019/11/04/deep-sleep-can-rewire-the-anxious-brain/The bidirectional relationship between sleep disturbance and anxiety. (2025). Journal of Affective Disorders. https://www.sciencedirect.com/science/article/abs/pii/S1389945724003058SingleCare Sleep Statistics (2024). https://www.singlecare.com/blog/news/sleep-statistics/For more readings on sleep matters:Transform Your Sleep: The Power of a Magnesium Night RoutineHow Magnesium Enhances Muscle Recovery and Sleep QualityHarness Magnesium for Stress Relief and Better SleepTransform Your Life with Magnesium: Stress Relief and Better SleepMagnesium: The Key to Stress Relief and Better SleepThe Magnesium Miracle: Transform Your Stress and SleepBest Sleeping Positions to Alleviate Joint PainStress and Sleep: Unlock Deeper Rest with These TechniquesUnlock Peaceful Sleep with Ancient Breathing TechniquesWhy Your Sleep Routine Isn’t Working for FatigueNatural Sleep Remedies: Unlock the Secrets of Thai MassageMagnesium Myths vs Facts: Transform Your Sleep and Stress7-Day Sleep Transformation Plan for Health and Happiness10 Sleep Hygiene Tips for Restful NightsCherries: Your Secret to Better Sleep and RecoveryUnlock a Multitude of Health Benefits: From Deeper Sleep to Reduced Stress. This Essential Mineral Might Be Missing from Your Life (Click to Learn More)!
#60SecondRoutine #BedtimeRoutine #BetterSleep #DeepSleep #DreamyNights #GoodNightSleep #HealthySleep #InsomniaHelp #InstantSleep #MagnesiumBreakthrough #MindfulSleep #PeacefulSleep #QuickSleep #Relaxationtechniques #RestfulNights #SleepBetter #SleepGoals #SleepHack #SleepHacks #SleepInspiration #SleepInstantly #SleepJourney #SleepMagic #SleepRoutine #SleepSolutions #SleepTips #SleepWell #StressRelief #anxietyReliefForSleep #bedtimeHabits #bedtimeRoutine #betterSleep #calmMindBeforeBed #DeepSleep #deepSleepTechniques #fallAsleepFast #fastSleepMethod #health #healthyLifestyle #healthySleepHabits #improveSleepQuality #insomniaHelp #insomniaSolutions #mentalHealth #naturalSleepRemedies #nighttimeRoutine #quickSleepRoutine #relaxationExercises #relaxationRoutine #restfulSleep #sleepBetterTonight #sleepEducation #sleepHacks #sleepHealth #sleepImprovement #sleepInstantly #sleepInstantlyUsingThis60SecondRoutine #sleepNaturally #sleepQuality #sleepRelaxation #sleepRoutine #sleepTips #sleepTricks #stressRelief #wellnessTips",,2026-06-23T18:53:47.725385
116798434901582044,JeanneJess,💎 Personalized Online Coaching for Parents of ADHD Children: Feeling overwhelmed by the daily challenges of parenting a child with ADHD? You're not alone in this journey. Parenting a child with ADHD brings unique joys and frustrations. Receive support now 💎https://www.adhdneurodiversitylife.com/children.html#/#ADHDParenting #ADHDparent #ParentingADHD #Neurodiversity #ADHDKids #mentalhealth #SpecialNeedsParenting #ParentingTips #ADHDSupport(made with ai tools),,2026-06-23T18:53:48.180704
116798399231699486,RubenWA,ThighsLught Weight (lower back issues) Squats:  1. 20kg (44lbs) x 15 reps  2. 40kg (88lbs) x10 reps  3. 60kg (132lbs) x 10 reps  4. 80kg (176lbs) x 10 reps  5. 100kg (220lbs) x 6 reps(new) HS Pendelum Squat:  1. 35kg (77lbs) x 10 reps  2. 45kg (99lbs) x 10 reps  3. 55kg (121lbs) x 10 reps  4. 65kg (143lbs) x 10 reps  5. 75kg (165lbs) x 8 repsIncline Leg Press:  1. 100kg (220lbs) x 15 reps  2. 200kg (440lbs) x 15 reps  3. 300kg (660lbs) x 10 reps  4. 400kg (880lbs) x 8 repsLeg Extensions:  1. 40kg (88lbs) x 20 reps  2. 47kg (104lbs) x 15 reps  3. 62kg (137lbs) x 12 reps  4.b78kg (172lbs) x 8 reps  #blog #bodybuilding #fitness #MentalHealth,,2026-06-23T18:53:48.775762
116798364960822635,abcfeeds,"Kids Helpline crisis interventions on the rise again towards COVID highBy Melissa BrownKids Helpline says a growing number of Australian young people are requiring immediate emergency help, with a concerning trend around crisis interventions.https://www.abc.net.au/news/2026-06-23/kids-helpline-crisis-interventions-growing-to-covid-level/106827794#Counselling #MentalHealth #ChildrensHealth #MelissaBrown",,2026-06-23T18:53:49.412220
116798249384252426,richarddonovan,"Curiosity and learning is who we are…Feeling the pressure to know it all is natural, so is nothaving all the answers…No one does.Embracing curiosity and continuous learning isingrained in our DNA…🔭 We’re driven to explore the unknown, to askquestions, and to seek solutions. It's the spark thatignites innovation and propels us forward.#developers #coding #softwaredevelopment #softwareengineering #wellbeing #mindset #mentalhealth",🚗 Learning is a lifelong journey.Recognising we don't know everything helps us to:✅ Stay Humble: Acknowledging our knowledgegaps keeps us grounded and open to newperspectives and ideas.✅ Collaborate: We learn from each other when weshare our expertise and unique experiences.✅ Challenge Ourselves: Embracing curiositymotivates us to tackle complex problems and pushthe boundaries of what's possible.,2026-06-23T18:53:50.550211
116798249384252426,richarddonovan,"Curiosity and learning is who we are…Feeling the pressure to know it all is natural, so is nothaving all the answers…No one does.Embracing curiosity and continuous learning isingrained in our DNA…🔭 We’re driven to explore the unknown, to askquestions, and to seek solutions. It's the spark thatignites innovation and propels us forward.#developers #coding #softwaredevelopment #softwareengineering #wellbeing #mindset #mentalhealth","✅ Adapt to Change: Our ability to learn and adaptis key to staying relevant and resilient.🎉 Celebrate your curiosity and passion for learning…Keep exploring, keep learning, and keep pushingyour limits…Affirmation“It’s fine that I don’t know everything;Curiosity and learning are part of who I am.”𝗔𝗳𝗳𝗶𝗿𝗺𝗮𝘁𝗶𝗼𝗻𝘀 𝗿𝗲𝗺𝗶𝗻𝗱 𝘂𝘀 𝗼𝗳:👉 The type of software developer we want to be.👉 The thoughts & behaviour we aim to display.",2026-06-23T18:53:50.550211
116798249384252426,richarddonovan,"Curiosity and learning is who we are…Feeling the pressure to know it all is natural, so is nothaving all the answers…No one does.Embracing curiosity and continuous learning isingrained in our DNA…🔭 We’re driven to explore the unknown, to askquestions, and to seek solutions. It's the spark thatignites innovation and propels us forward.#developers #coding #softwaredevelopment #softwareengineering #wellbeing #mindset #mentalhealth",👉 The kind of person we want to be.,2026-06-23T18:53:50.550211
116797959258729732,rishidass,When was the last time you ate alone at a restaurant?https://rishidass.net/posts/eating-alone#philosophy#mentalhealth#simpleliving #culture,@rishidass I absolutely love eating alone at restaurants. You get to really taste the food and feel the atmosphere a place has. Highly recommend!,2026-06-23T18:53:51.125764
116797663538691640,theexpertclinician.com,"Managing Conflicts, Barriers and Concerns: How to Get a Consultation Back on Track

I’m Adam Widdison, author of The Expert Clinician. My work focuses on how healthcare practitioners (HCPs) think and how we can sharpen our thinking and performance in the demanding reality of modern practice.

In my previous blog posts —

Connection: The Secret to a Successful Consultation

Empathy: “I Want to Know What You Feel”

Impressions and Perceptions: What Patients Think Often Matters More Than Reality

Confidence, Trust and Respect: The Three Pillars of Every Successful […]

https://theexpertclinician.com/2026/06/23/managing-conflicts-barriers-and-concerns-how-to-get-a-consultation-back-on-track/",,2026-06-23T18:53:51.592464
116797656315209505,cynnisblog.wordpress.com,"Journal – Week 25, June 2026

It was a busy week, that quickly also became a very hot week. My back and leg were still giving me enough trouble, and my physio worked hard on the damned muscle. It hurt a lot, and unfortunately, at the end of the week, it still hurt me. I could not walk properly with Koa, which annoyed me, as I felt I was letting him down, and not providing to his needs. There was some good stuff this week, but also some sad things... A bit of a mix, and I know that next week will be even harder, for various (sad) reasons. So yeah, it was quite a week, where I dealed with some extremes... But, Koa and I made it through, and we're ready to start the new week, which they predict will be even hotter than this one was... 

An infographic from ""weer&radar"" showing a 14-day weather forecast for Herpen, dated June 15, 2026. The background is a solid blue, featuring a large white rectangular chart in the center with two line graphs, a row of weather icons, and a color-coded legend at the bottom.Header Text: At the top left, in yellow and white text, it reads: ""14-daagse verwachting / Herpen / 15 juni 2026"".The Chart: The chart tracks a 14-day period starting on a Monday (Ma) and ending on a Sunday (Zo). The weekends are highlighted with light blue vertical shading.Top Red Line Graph (Maximum Temperature in °C): Starts at 19 on Monday, climbs steadily to 24 (Tuesday), 25 (Wednesday), 31 (Thursday), and peaks at 32 on Friday. It then drops to 28 for both Saturday and Sunday. The second week stays relatively steady: 26 (Monday), 26 (Tuesday), 27 (Wednesday), jumps to 29 (Thursday), then drops back to 26 (Friday), 26 (Saturday), and finishes at 28 on Sunday.Bottom Blue Line Graph (Minimum Temperature in °C): Starts at 11 on Monday and Tuesday, rises to 13 (Wednesday), 15 (Thursday), and peaks at 20 on Friday and Saturday. It then dips slightly to 18 on Sunday and Monday. The second week cools down further to 13 (Tuesday) and 12 (Wednesday), before rising back to 15 (Thursday), and stabilizing at 14 for Friday, Saturday, and Sunday.Weather Conditions Row: Directly beneath the graphs is a horizontal row of 14 blocks indicating daily conditions.Days 1, 3, and 7 through 14 are pale beige blocks.Day 2 (Tuesday) features a single blue raindrop icon on a pale beige background.Day 4 (Thursday) is a solid bright yellow block.Days 5 and 6 (Friday and Saturday) are bright yellow blocks featuring a green outline of a lightning bolt.Legend and Footer: At the bottom of the white rectangle, a legend shows a red dot for ""Max (°C)"" and a blue dot for ""Min (°C)"". To the right, a sun icon sits next to two color blocks: a bright yellow block labeled ""veel"" (much/frequent sunshine) and a pale beige block labeled ""weinig"" (little/low sunshine).The footer of the image features the ""weer&radar"" logo with a yellow globe symbol in place of the ampersand. Below it, text reads ""beschikbaar voor"" alongside Android, Apple, and web browser icons. The very bottom center notes the data status: ""Stand: 15-06-2026"".

Quick links to the days of the week: Monday, Tuesday, Wednesday, Thursday, Friday, Saturday & Sunday.

 […]

https://cynnisblog.wordpress.com/2026/06/23/journal-week-25-june-2026/",,2026-06-23T18:53:52.010740
116797478708957530,xinkblotz.com,"Job Title: Yes (Other Duties as Assigned)

There isn't a single human being on this floating rock hurtling through space who has managed to live life playing only one role. Not one.

If you know such a person, please let me know. I'd like to study them. Strictly for academic purposes, of course. Not because I suspect they're an alien trying very hard to blend in.

The truth is that from the moment we're old enough to wander away from our parents in a grocery store, we're trying on different identities. As kids, we become explorers, […]

https://xinkblotz.com/2026/06/22/job-title-yes-other-duties-as-assigned/",,2026-06-23T18:53:52.513543
116797250013654791,sigmanphi.bsky.social,celebratingdays.com #sober #addiction #recovery #aa #mentalhealth,,2026-06-23T18:53:52.933594
116797232770408583,ferret_stack,"🏆 My first ever 5km #runI took a route around #London following the Thames, which was rather serene - from Tower Bridge to Waterloo. #Running across the bridges was an incredibly freeing feelingI’m happy with my pace, albeit I did pause in places to cross the road / find my way back to the riverThis won’t replace my sprints I don’t think, but I’ll do one of these again in the next week and will make it continuous#sport #fitness #health #mentalhealth #gym #data",@ferret_stack Congratulations! 🎉🖖🏻,2026-06-23T18:53:53.977539
116797232770408583,ferret_stack,"🏆 My first ever 5km #runI took a route around #London following the Thames, which was rather serene - from Tower Bridge to Waterloo. #Running across the bridges was an incredibly freeing feelingI’m happy with my pace, albeit I did pause in places to cross the road / find my way back to the riverThis won’t replace my sprints I don’t think, but I’ll do one of these again in the next week and will make it continuous#sport #fitness #health #mentalhealth #gym #data","@ferret_stack well done! It's literally one step after the other, and the most important one is that you enjoy it. Be gentle with yourself.It's your running, it's your pace. And it's your achievement.",2026-06-23T18:53:53.977539
116797131370161589,oscarjiminy,'loneliness often coexists with constant digital interaction. We are perhaps the first generation to possess uninterrupted access to each other while simultaneously becoming emotionally inaccessible. We maintain ambient awareness of one another’s existence without participating meaningfully in each other’s lives'#friendship #socialMedia #mentalHealth #communityhttps://timesofindia.indiatimes.com/blogs/civil-irony/the-quiet-grief-of-adult-friendship/,"'We now discuss emotional bandwidth like data plans. Even affection sometimes feels evaluated through invisible cost-benefit analysis...Friendship, however, has always depended on a certain irrational generosity. A willingness to waste time together magnificently. To listen to the same anxiety for the fifth time. To sit through silence. To remain available without agenda'",2026-06-23T18:53:54.646305
116796830860583637,ymhc,"Being heard & believed is a healing gift. To know someone is listening to hear, helps a fearful person relax & be present even in painful memories. To be believed, gives them hope that they don't have to explain perfectly to be understood. Healing can begin here. Truly, a gift.#motivation #inspiration #positivevibes #mentalwellbeing #mentalhealth #mentalwellness #hope #ymhc",,2026-06-23T18:53:55.177768
116796595792533900,Neo2415,"Happy Monday! Wrap up this first Work Day with a short meditation from my blog's latest edition: ""Intention, Response, Action"". One of the best actions we can take is to ASK for help. Check it out, subscribe, and join in the movement. #AlignWithLove #Love #Philosophy #MentalHealth #Spirituality #SocialMedia #Action #Writinghttps://align-with-love.com/2026/06/22/intention-response-action-3/",,2026-06-23T18:53:55.627564
116796578977755318,ComebackGrid,"We don't need to rush. We can let our hearts slowly put down that heavy backpack. The bad feelings we nurture are just memories, they are not us! Healing happens when we focus on our inner peace, not on an equalized balance sheet.🧠💚 #MentalHealth #Forgiveness #Healing🙋 Take (good self-)care. You are absolutely worth it.—📨 Repost or drop a comment with your own feelings or thoughts.","🔗 Join the @ComebackGrid — your space for tackling burnout, stress, and exhaustion depression, step by step - one tip a day.  My promise: zero burnout buzzword quotes; but daily treasure tidbits from someone who's actually been there.",2026-06-23T18:53:56.431690
116796578049373930,stefan,"Or even better, step out and look at the real thing, if you can!https://news.clemson.edu/scientists-link-urban-tree-structure-to-mental-health/#trees #MentalHealth #UrbanPlanning",,2026-06-23T18:53:57.159717
116796477054463914,ymhc,When you finally learn that a person's behavior has more to do with their own internal struggle than it ever did with you... you learn grace.#mentalhealth #mentalwellness #ymhc #kindness #empathy #compassion #feelings,,2026-06-23T18:53:57.735068
116796205470580639,soberaim,"Religion is not like politics: don't expect any election, amendment, etcetera. Religions tend to collapse or become the copy of a copy if they make big changes (like queer pastors).So don't change your personality in order to be welcome in a community. Your spirituality is supposed to work for your wellbeing. So find a better religion. It's a human right, and it's free.#religion #psychology #humanrights #peace #society #christianity #islam #jews #queer #pride #lgbt #spirituality #mentalhealth",,2026-06-23T18:53:58.510838
116796120758893369,happinessbot,Think of the last person you interacted with. How happy do you think you are relative to them? (I ask this question every day to gauge how happy the Fediverse is.) #happiness #poll #mentalhealth #psychology,,2026-06-23T18:53:59.044526
116796027246882706,sigmanphi.bsky.social,celebratingdays.com #sober #addiction #recovery #aa #mentalhealth,,2026-06-23T18:53:59.569043
